Fund Name,P1,P2,P3,P4,P5,Topsis score,Rank
M1,0.81,0.66,5.9,43.8,15.6,0.25437487737312253,6
M2,0.67,0.58,1.8,62.1,16.4,0.6506396821452161,3
M3,0.89,0.87,4.2,50.7,14.15,0.5763040337448186,5
M4,0.82,0.67,2.0,32.6,11.98,0.6316539516437067,4
M5,0.76,0.56,6.9,31.3,12.9,0.1588440472634522,8
M6,0.72,0.88,2.7,47.8,12.8,0.7467977034332189,1
M7,0.92,0.98,3.1,54.3,16.32,0.6891413065596583,2
M8,0.78,0.61,7.1,36.0,10.85,0.23756825400098508,7
